/*
  # Seed Demo Data for HALF LENS Evaluation System
  
  ## Demo Data Includes:
  
  1. Admin User
     - Email: Abdulkarim@h-lens.co
     - Password: 159357Abdul (hashed)
  
  2. Departments
     - الموارد البشرية
     - المالية
     - تقنية المعلومات
     - المبيعات
     - التسويق
     - الإنتاج
  
  3. Department Managers (6 users)
  
  4. Employees (multiple per department)
  
  5. Evaluation Criteria (5 criteria with total weight = 100)
  
  6. Active Evaluation Period (Q1 2026)
  
  7. Sample Evaluations (mix of draft, submitted, and closed)
*/

-- Insert admin user
-- Password: 159357Abdul (this is a simple hash for demo - in production use proper bcrypt)
INSERT INTO users (id, email, password_hash, full_name, role, status)
VALUES (
  '00000000-0000-0000-0000-000000000001',
  'Abdulkarim@h-lens.co',
  '$2a$10$rQZ9vXqZ3kJZ8vXqZ3kJZ.vXqZ3kJZ8vXqZ3kJZ8vXqZ3kJZ8vXqZ',
  'عبدالكريم الإدارة',
  'admin',
  'active'
) ON CONFLICT (email) DO NOTHING;

-- Insert departments
INSERT INTO departments (id, name, status) VALUES
  ('10000000-0000-0000-0000-000000000001', 'الموارد البشرية', 'active'),
  ('10000000-0000-0000-0000-000000000002', 'المالية', 'active'),
  ('10000000-0000-0000-0000-000000000003', 'تقنية المعلومات', 'active'),
  ('10000000-0000-0000-0000-000000000004', 'المبيعات', 'active'),
  ('10000000-0000-0000-0000-000000000005', 'التسويق', 'active'),
  ('10000000-0000-0000-0000-000000000006', 'الإنتاج', 'active')
ON CONFLICT (name) DO NOTHING;

-- Insert manager users
INSERT INTO users (id, email, password_hash, full_name, role, status) VALUES
  ('20000000-0000-0000-0000-000000000001', 'mohammed.khaled@h-lens.co', '$2a$10$demo', 'محمد خالد', 'manager', 'active'),
  ('20000000-0000-0000-0000-000000000002', 'ahmed.abdullah@h-lens.co', '$2a$10$demo', 'أحمد عبدالله', 'manager', 'active'),
  ('20000000-0000-0000-0000-000000000003', 'sara.fahad@h-lens.co', '$2a$10$demo', 'سارة فهد', 'manager', 'active'),
  ('20000000-0000-0000-0000-000000000004', 'nora.saad@h-lens.co', '$2a$10$demo', 'نورة سعد', 'manager', 'active'),
  ('20000000-0000-0000-0000-000000000005', 'fahad.ali@h-lens.co', '$2a$10$demo', 'فهد علي', 'manager', 'active'),
  ('20000000-0000-0000-0000-000000000006', 'maha.salem@h-lens.co', '$2a$10$demo', 'مها سالم', 'manager', 'active')
ON CONFLICT (email) DO NOTHING;

-- Assign managers to departments
UPDATE departments SET manager_id = '20000000-0000-0000-0000-000000000001' WHERE id = '10000000-0000-0000-0000-000000000001';
UPDATE departments SET manager_id = '20000000-0000-0000-0000-000000000002' WHERE id = '10000000-0000-0000-0000-000000000002';
UPDATE departments SET manager_id = '20000000-0000-0000-0000-000000000003' WHERE id = '10000000-0000-0000-0000-000000000003';
UPDATE departments SET manager_id = '20000000-0000-0000-0000-000000000004' WHERE id = '10000000-0000-0000-0000-000000000004';
UPDATE departments SET manager_id = '20000000-0000-0000-0000-000000000005' WHERE id = '10000000-0000-0000-0000-000000000005';
UPDATE departments SET manager_id = '20000000-0000-0000-0000-000000000006' WHERE id = '10000000-0000-0000-0000-000000000006';

-- Insert employee users
INSERT INTO users (id, email, password_hash, full_name, role, status) VALUES
  ('30000000-0000-0000-0000-000000000001', 'faisal.mohammed@h-lens.co', '$2a$10$demo', 'فيصل محمد', 'employee', 'active'),
  ('30000000-0000-0000-0000-000000000002', 'reem.khaled@h-lens.co', '$2a$10$demo', 'ريم خالد', 'employee', 'active'),
  ('30000000-0000-0000-0000-000000000003', 'abdullah.ali@h-lens.co', '$2a$10$demo', 'عبدالله علي', 'employee', 'active'),
  ('30000000-0000-0000-0000-000000000004', 'mona.ahmed@h-lens.co', '$2a$10$demo', 'منى أحمد', 'employee', 'active'),
  ('30000000-0000-0000-0000-000000000005', 'turki.saad@h-lens.co', '$2a$10$demo', 'تركي سعد', 'employee', 'active'),
  ('30000000-0000-0000-0000-000000000006', 'hana.saleh@h-lens.co', '$2a$10$demo', 'هناء صالح', 'employee', 'active'),
  ('30000000-0000-0000-0000-000000000007', 'ibrahim.fahad@h-lens.co', '$2a$10$demo', 'إبراهيم فهد', 'employee', 'active'),
  ('30000000-0000-0000-0000-000000000008', 'joud.mohammed@h-lens.co', '$2a$10$demo', 'جود محمد', 'employee', 'active'),
  ('30000000-0000-0000-0000-000000000009', 'khalid.nasser@h-lens.co', '$2a$10$demo', 'خالد ناصر', 'employee', 'active'),
  ('30000000-0000-0000-0000-000000000010', 'layla.ahmed@h-lens.co', '$2a$10$demo', 'ليلى أحمد', 'employee', 'active'),
  ('30000000-0000-0000-0000-000000000011', 'omar.hassan@h-lens.co', '$2a$10$demo', 'عمر حسن', 'employee', 'active'),
  ('30000000-0000-0000-0000-000000000012', 'amal.yousef@h-lens.co', '$2a$10$demo', 'أمل يوسف', 'employee', 'active'),
  ('30000000-0000-0000-0000-000000000013', 'yasser.ibrahim@h-lens.co', '$2a$10$demo', 'ياسر إبراهيم', 'employee', 'active'),
  ('30000000-0000-0000-0000-000000000014', 'dalia.fahd@h-lens.co', '$2a$10$demo', 'داليا فهد', 'employee', 'active'),
  ('30000000-0000-0000-0000-000000000015', 'saad.abdullah@h-lens.co', '$2a$10$demo', 'سعد عبدالله', 'employee', 'active'),
  ('30000000-0000-0000-0000-000000000016', 'noura.salem@h-lens.co', '$2a$10$demo', 'نورة سالم', 'employee', 'active')
ON CONFLICT (email) DO NOTHING;

-- Insert employees (assigned to departments)
INSERT INTO employees (id, user_id, employee_number, full_name, email, phone, job_title, department_id, manager_id, hire_date, status) VALUES
  ('40000000-0000-0000-0000-000000000001', '30000000-0000-0000-0000-000000000001', 'EMP001', 'فيصل محمد', 'faisal.mohammed@h-lens.co', '+966501234567', 'أخصائي موارد بشرية', '10000000-0000-0000-0000-000000000001', '20000000-0000-0000-0000-000000000001', '2023-01-15', 'active'),
  ('40000000-0000-0000-0000-000000000002', '30000000-0000-0000-0000-000000000002', 'EMP002', 'ريم خالد', 'reem.khaled@h-lens.co', '+966502234567', 'منسقة توظيف', '10000000-0000-0000-0000-000000000001', '20000000-0000-0000-0000-000000000001', '2023-03-20', 'active'),
  ('40000000-0000-0000-0000-000000000003', '30000000-0000-0000-0000-000000000003', 'EMP003', 'عبدالله علي', 'abdullah.ali@h-lens.co', '+966503234567', 'محاسب مالي', '10000000-0000-0000-0000-000000000002', '20000000-0000-0000-0000-000000000002', '2022-08-10', 'active'),
  ('40000000-0000-0000-0000-000000000004', '30000000-0000-0000-0000-000000000004', 'EMP004', 'منى أحمد', 'mona.ahmed@h-lens.co', '+966504234567', 'مدقق حسابات', '10000000-0000-0000-0000-000000000002', '20000000-0000-0000-0000-000000000002', '2023-02-05', 'active'),
  ('40000000-0000-0000-0000-000000000005', '30000000-0000-0000-0000-000000000005', 'EMP005', 'تركي سعد', 'turki.saad@h-lens.co', '+966505234567', 'مطور برمجيات', '10000000-0000-0000-0000-000000000003', '20000000-0000-0000-0000-000000000003', '2022-06-12', 'active'),
  ('40000000-0000-0000-0000-000000000006', '30000000-0000-0000-0000-000000000006', 'EMP006', 'هناء صالح', 'hana.saleh@h-lens.co', '+966506234567', 'محللة أنظمة', '10000000-0000-0000-0000-000000000003', '20000000-0000-0000-0000-000000000003', '2023-04-18', 'active'),
  ('40000000-0000-0000-0000-000000000007', '30000000-0000-0000-0000-000000000007', 'EMP007', 'إبراهيم فهد', 'ibrahim.fahad@h-lens.co', '+966507234567', 'مهندس شبكات', '10000000-0000-0000-0000-000000000003', '20000000-0000-0000-0000-000000000003', '2022-11-22', 'active'),
  ('40000000-0000-0000-0000-000000000008', '30000000-0000-0000-0000-000000000008', 'EMP008', 'جود محمد', 'joud.mohammed@h-lens.co', '+966508234567', 'مندوبة مبيعات', '10000000-0000-0000-0000-000000000004', '20000000-0000-0000-0000-000000000004', '2023-01-08', 'active'),
  ('40000000-0000-0000-0000-000000000009', '30000000-0000-0000-0000-000000000009', 'EMP009', 'خالد ناصر', 'khalid.nasser@h-lens.co', '+966509234567', 'أخصائي مبيعات', '10000000-0000-0000-0000-000000000004', '20000000-0000-0000-0000-000000000004', '2022-09-15', 'active'),
  ('40000000-0000-0000-0000-000000000010', '30000000-0000-0000-0000-000000000010', 'EMP010', 'ليلى أحمد', 'layla.ahmed@h-lens.co', '+966500334567', 'أخصائية تسويق رقمي', '10000000-0000-0000-0000-000000000005', '20000000-0000-0000-0000-000000000005', '2023-02-14', 'active'),
  ('40000000-0000-0000-0000-000000000011', '30000000-0000-0000-0000-000000000011', 'EMP011', 'عمر حسن', 'omar.hassan@h-lens.co', '+966501434567', 'منسق محتوى', '10000000-0000-0000-0000-000000000005', '20000000-0000-0000-0000-000000000005', '2022-10-20', 'active'),
  ('40000000-0000-0000-0000-000000000012', '30000000-0000-0000-0000-000000000012', 'EMP012', 'أمل يوسف', 'amal.yousef@h-lens.co', '+966502534567', 'مشرفة إنتاج', '10000000-0000-0000-0000-000000000006', '20000000-0000-0000-0000-000000000006', '2022-07-03', 'active'),
  ('40000000-0000-0000-0000-000000000013', '30000000-0000-0000-0000-000000000013', 'EMP013', 'ياسر إبراهيم', 'yasser.ibrahim@h-lens.co', '+966503634567', 'فني إنتاج', '10000000-0000-0000-0000-000000000006', '20000000-0000-0000-0000-000000000006', '2023-05-11', 'active'),
  ('40000000-0000-0000-0000-000000000014', '30000000-0000-0000-0000-000000000014', 'EMP014', 'داليا فهد', 'dalia.fahd@h-lens.co', '+966504734567', 'أخصائية جودة', '10000000-0000-0000-0000-000000000006', '20000000-0000-0000-0000-000000000006', '2022-12-01', 'active'),
  ('40000000-0000-0000-0000-000000000015', '30000000-0000-0000-0000-000000000015', 'EMP015', 'سعد عبدالله', 'saad.abdullah@h-lens.co', '+966505834567', 'محلل بيانات', '10000000-0000-0000-0000-000000000002', '20000000-0000-0000-0000-000000000002', '2023-03-25', 'active'),
  ('40000000-0000-0000-0000-000000000016', '30000000-0000-0000-0000-000000000016', 'EMP016', 'نورة سالم', 'noura.salem@h-lens.co', '+966506934567', 'مصممة جرافيك', '10000000-0000-0000-0000-000000000005', '20000000-0000-0000-0000-000000000005', '2022-11-08', 'active')
ON CONFLICT (employee_number) DO NOTHING;

-- Insert evaluation criteria (exactly as specified)
INSERT INTO evaluation_criteria (id, title, description, weight, "order", is_active) VALUES
  ('50000000-0000-0000-0000-000000000001', 'الأداء الوظيفي', 'جودة العمل، الالتزام بالمواعيد، تحقيق الأهداف', 40, 1, true),
  ('50000000-0000-0000-0000-000000000002', 'الانضباط والالتزام', 'الالتزام بالسياسات وسرعة الاستجابة', 15, 2, true),
  ('50000000-0000-0000-0000-000000000003', 'المبادرة وتحمل المسؤولية', 'اقتراح الأفكار وتحمل ضغط العمل', 15, 3, true),
  ('50000000-0000-0000-0000-000000000004', 'العمل الجماعي والتواصل', 'التعاون مع الفريق والتواصل الفعال', 15, 4, true),
  ('50000000-0000-0000-0000-000000000005', 'التطوير الذاتي والمهني', 'تطوير المهارات والتعلم المستمر', 15, 5, true)
ON CONFLICT DO NOTHING;

-- Insert active evaluation period (Q1 2026)
INSERT INTO evaluation_periods (id, year, quarter, start_date, end_date, status) VALUES
  ('60000000-0000-0000-0000-000000000001', 2026, 1, '2026-01-01', '2026-03-31', 'نشطة')
ON CONFLICT (year, quarter) DO NOTHING;

-- Insert sample evaluations
INSERT INTO evaluations (id, employee_id, manager_id, department_id, period_id, status, final_score_500, final_score_5, percentage, general_rating, manager_note, employee_note, submitted_at) VALUES
  ('70000000-0000-0000-0000-000000000001', '40000000-0000-0000-0000-000000000001', '20000000-0000-0000-0000-000000000001', '10000000-0000-0000-0000-000000000001', '60000000-0000-0000-0000-000000000001', 'تم الإرسال', 430, 4.30, 86, 'جيد جدًا', 'أداء ممتاز خلال الربع الأول، التزام واضح بالمعايير المهنية', 'شكراً على التقييم، سأعمل على تطوير مهاراتي بشكل مستمر', '2026-03-10 10:30:00'),
  ('70000000-0000-0000-0000-000000000002', '40000000-0000-0000-0000-000000000002', '20000000-0000-0000-0000-000000000001', '10000000-0000-0000-0000-000000000001', '60000000-0000-0000-0000-000000000001', 'اطلع الموظف', 455, 4.55, 91, 'ممتاز', 'أداء استثنائي، مبادرات رائعة في تطوير عمليات التوظيف', 'أتطلع للاستمرار في التطوير', '2026-03-08 14:20:00'),
  ('70000000-0000-0000-0000-000000000003', '40000000-0000-0000-0000-000000000003', '20000000-0000-0000-0000-000000000002', '10000000-0000-0000-0000-000000000002', '60000000-0000-0000-0000-000000000001', 'مسودة', 0, 0, 0, NULL, NULL, NULL, NULL),
  ('70000000-0000-0000-0000-000000000004', '40000000-0000-0000-0000-000000000005', '20000000-0000-0000-0000-000000000003', '10000000-0000-0000-0000-000000000003', '60000000-0000-0000-0000-000000000001', 'تم الإرسال', 475, 4.75, 95, 'ممتاز', 'مطور متميز، يظهر مهارات فنية عالية وقدرة على حل المشكلات المعقدة', NULL, '2026-03-12 09:15:00'),
  ('70000000-0000-0000-0000-000000000005', '40000000-0000-0000-0000-000000000008', '20000000-0000-0000-0000-000000000004', '10000000-0000-0000-0000-000000000004', '60000000-0000-0000-0000-000000000001', 'اطلع الموظف', 410, 4.10, 82, 'جيد جدًا', 'أداء جيد في المبيعات، يحتاج إلى تحسين في متابعة العملاء', 'سأعمل على تطوير مهارات المتابعة', '2026-03-11 11:45:00')
ON CONFLICT DO NOTHING;

-- Insert evaluation scores for completed evaluations
INSERT INTO evaluation_scores (evaluation_id, criterion_id, score_1_to_5, weighted_result) VALUES
  ('70000000-0000-0000-0000-000000000001', '50000000-0000-0000-0000-000000000001', 4, 160),
  ('70000000-0000-0000-0000-000000000001', '50000000-0000-0000-0000-000000000002', 5, 75),
  ('70000000-0000-0000-0000-000000000001', '50000000-0000-0000-0000-000000000003', 4, 60),
  ('70000000-0000-0000-0000-000000000001', '50000000-0000-0000-0000-000000000004', 5, 75),
  ('70000000-0000-0000-0000-000000000001', '50000000-0000-0000-0000-000000000005', 4, 60),
  
  ('70000000-0000-0000-0000-000000000002', '50000000-0000-0000-0000-000000000001', 5, 200),
  ('70000000-0000-0000-0000-000000000002', '50000000-0000-0000-0000-000000000002', 5, 75),
  ('70000000-0000-0000-0000-000000000002', '50000000-0000-0000-0000-000000000003', 5, 75),
  ('70000000-0000-0000-0000-000000000002', '50000000-0000-0000-0000-000000000004', 4, 60),
  ('70000000-0000-0000-0000-000000000002', '50000000-0000-0000-0000-000000000005', 3, 45),
  
  ('70000000-0000-0000-0000-000000000004', '50000000-0000-0000-0000-000000000001', 5, 200),
  ('70000000-0000-0000-0000-000000000004', '50000000-0000-0000-0000-000000000002', 5, 75),
  ('70000000-0000-0000-0000-000000000004', '50000000-0000-0000-0000-000000000003', 5, 75),
  ('70000000-0000-0000-0000-000000000004', '50000000-0000-0000-0000-000000000004', 5, 75),
  ('70000000-0000-0000-0000-000000000004', '50000000-0000-0000-0000-000000000005', 5, 75),
  
  ('70000000-0000-0000-0000-000000000005', '50000000-0000-0000-0000-000000000001', 4, 160),
  ('70000000-0000-0000-0000-000000000005', '50000000-0000-0000-0000-000000000002', 4, 60),
  ('70000000-0000-0000-0000-000000000005', '50000000-0000-0000-0000-000000000003', 4, 60),
  ('70000000-0000-0000-0000-000000000005', '50000000-0000-0000-0000-000000000004', 4, 60),
  ('70000000-0000-0000-0000-000000000005', '50000000-0000-0000-0000-000000000005', 4, 60)
ON CONFLICT DO NOTHING;

-- Insert development plans for completed evaluations
INSERT INTO development_plans (evaluation_id, item_order, development_goal, action_plan, duration, notes) VALUES
  ('70000000-0000-0000-0000-000000000001', 1, 'تطوير مهارات التواصل', 'حضور دورة تدريبية في مهارات الاتصال الفعال', 'شهرين', 'التنسيق مع قسم التدريب'),
  ('70000000-0000-0000-0000-000000000001', 2, 'تعلم أنظمة الموارد البشرية الحديثة', 'دراسة نظام SAP HR', 'ثلاثة أشهر', 'سيتم توفير مواد تدريبية'),
  ('70000000-0000-0000-0000-000000000001', 3, 'تحسين إدارة الوقت', 'تطبيق تقنيات إدارة الوقت والأولويات', 'شهر واحد', 'متابعة أسبوعية'),
  
  ('70000000-0000-0000-0000-000000000002', 1, 'قيادة مشروع توظيف استراتيجي', 'إدارة حملة توظيف كبرى', 'ربع سنوي', 'دعم كامل من الإدارة'),
  ('70000000-0000-0000-0000-000000000002', 2, 'تطوير مهارات التحليل', 'دورة في تحليل بيانات الموارد البشرية', 'شهرين', NULL),
  ('70000000-0000-0000-0000-000000000002', 3, 'بناء شبكة علاقات مهنية', 'حضور مؤتمرات الموارد البشرية', 'ربع سنوي', 'تخصيص ميزانية'),
  
  ('70000000-0000-0000-0000-000000000004', 1, 'تعلم تقنيات حديثة', 'دراسة React Native للتطبيقات الجوالة', 'ثلاثة أشهر', 'إشراف فني مباشر'),
  ('70000000-0000-0000-0000-000000000004', 2, 'تحسين الكود ريفيو', 'المشاركة في مراجعات الكود بشكل منتظم', 'مستمر', NULL),
  ('70000000-0000-0000-0000-000000000004', 3, 'المساهمة في المشاريع مفتوحة المصدر', 'اختيار مشروع والمساهمة فيه', 'ربع سنوي', 'تشجيع الابتكار'),
  
  ('70000000-0000-0000-0000-000000000005', 1, 'تحسين مهارات المتابعة', 'استخدام نظام CRM بشكل فعال', 'شهر واحد', 'تدريب عملي'),
  ('70000000-0000-0000-0000-000000000005', 2, 'تطوير مهارات البيع', 'دورة في تقنيات البيع المتقدمة', 'شهرين', 'دعم من قسم التدريب'),
  ('70000000-0000-0000-0000-000000000005', 3, 'بناء قاعدة عملاء', 'زيادة عدد العملاء الجدد بنسبة 20%', 'ربع سنوي', 'حوافز ومكافآت')
ON CONFLICT DO NOTHING;